<?xml version="1.0" encoding="UTF-8"?>
<project-private xmlns="http://www.netbeans.org/ns/project-private/1">
    <editor-bookmarks xmlns="http://www.netbeans.org/ns/editor-bookmarks/2" lastBookmarkId="0"/>
    <open-files xmlns="http://www.netbeans.org/ns/projectui-open-files/2">
        <group>
            <file>file:/C:/Users/Jeremy/Desktop/ProjectJP/Project/src/project/gradmaster.java</file>
            <file>file:/C:/Users/Jeremy/Desktop/ProjectJP/Project/src/project/htmlTimeGet.java</file>
            <file>file:/C:/Users/Jeremy/Desktop/ProjectJP/Project/src/project/textview.java</file>
            <file>file:/C:/Users/Jeremy/Desktop/ProjectJP/Project/src/project/Help.java</file>
            <file>file:/C:/Users/Jeremy/Desktop/ProjectJP/Project/src/project/LoginSystem.java</file>
            <file>file:/C:/Users/Jeremy/Desktop/ProjectJP/Project/src/project/registerAd.java</file>
            <file>file:/C:/Users/Jeremy/Desktop/ProjectJP/Project/src/project/register.java</file>
            <file>file:/C:/Users/Jeremy/Desktop/ProjectJP/Project/src/project/registerGm.java</file>
            <file>file:/C:/Users/Jeremy/Desktop/ProjectJP/Project/src/project/asdf.java</file>
            <file>file:/C:/Users/Jeremy/Desktop/ProjectJP/Project/src/project/Project.java</file>
        </group>
    </open-files>
</project-private>
